{"cameraMode":{"drawMode":0,"name":"Shaded","section":"Shading Mode"},"sceneLighting":true,"audioPlay":false,"sceneViewState":{"m_AlwaysRefresh":true,"showFog":false,"showSkybox":true,"showFlares":true,"showImageEffects":true,"showParticleSystems":true,"showVisualEffectGraphs":true,"m_FxEnabled":true},"in2DMode":false,"pivot":{"x":4.385721206665039,"y":-252.1518096923828,"z":-3.9912033081054689},"rotation":{"x":0.7735303640365601,"y":0.001901263021863997,"z":-0.0023205981124192478,"w":0.6337523460388184},"size":197.91050720214845,"orthographic":true}