{"cameraMode":{"drawMode":0,"name":"Shaded","section":"Shading Mode"},"sceneLighting":true,"audioPlay":false,"sceneViewState":{"m_AlwaysRefresh":true,"showFog":false,"showSkybox":true,"showFlares":true,"showImageEffects":true,"showParticleSystems":true,"showVisualEffectGraphs":true,"m_FxEnabled":true},"in2DMode":false,"pivot":{"x":956.2860107421875,"y":508.13922119140627,"z":93.01776123046875},"rotation":{"x":0.0059999567456543449,"y":0.0014999641571193934,"z":-0.000008999169040180277,"w":0.9999805092811585},"size":634.0493774414063,"orthographic":false}