{"cameraMode":{"drawMode":0,"name":"Shaded","section":"Shading Mode"},"sceneLighting":true,"audioPlay":false,"sceneViewState":{"m_AlwaysRefresh":true,"showFog":false,"showSkybox":true,"showFlares":true,"showImageEffects":true,"showParticleSystems":true,"showVisualEffectGraphs":true,"m_FxEnabled":true},"in2DMode":false,"pivot":{"x":-18.41944694519043,"y":-203.61212158203126,"z":-4.184539794921875},"rotation":{"x":0.7735303640365601,"y":0.001901263021863997,"z":-0.0023205981124192478,"w":0.6337523460388184},"size":189.6245880126953,"orthographic":true}