{"cameraMode":{"drawMode":0,"name":"Shaded","section":"Shading Mode"},"sceneLighting":true,"audioPlay":false,"sceneViewState":{"m_AlwaysRefresh":true,"showFog":false,"showSkybox":true,"showFlares":true,"showImageEffects":true,"showParticleSystems":true,"showVisualEffectGraphs":true,"m_FxEnabled":true},"in2DMode":false,"pivot":{"x":21.56297492980957,"y":-204.11390686035157,"z":-41.344337463378909},"rotation":{"x":0.798535943031311,"y":0.004514316562563181,"z":-0.00598914036527276,"w":0.6018986701965332},"size":227.9785614013672,"orthographic":true}