{"cameraMode":{"drawMode":0,"name":"Shaded","section":"Shading Mode"},"sceneLighting":true,"audioPlay":false,"sceneViewState":{"m_AlwaysRefresh":true,"showFog":false,"showSkybox":true,"showFlares":true,"showImageEffects":true,"showParticleSystems":true,"showVisualEffectGraphs":true,"m_FxEnabled":true},"in2DMode":false,"pivot":{"x":12.45890998840332,"y":-253.65037536621095,"z":0.1872406005859375},"rotation":{"x":0.7735303640365601,"y":0.001901263021863997,"z":-0.0023205981124192478,"w":0.6337523460388184},"size":213.94381713867188,"orthographic":true}